Workbook

Sheet Dashboard
B2: Test School — Academic Dashboard
B3: Report Generated: 2026-08-05
B5: Total Students | D5: Class Average | F5: Top Score | K5: Grade | L5: Count
B6: =COUNTA(Students!A2:A25) | D6: =ROUND(AVERAGE(Grades!I2:I25),2) | F6: =MAX(Grades!I2:I25) | K6: A | L6: =COUNTIF(Grades!J2:J25,"A")
K7: B | L7: =COUNTIF(Grades!J2:J25,"B")
K8: C | L8: =COUNTIF(Grades!J2:J25,"C")
B9: Pass Rate | D9: A Grades | F9: Average Attendance | K9: D | L9: =COUNTIF(Grades!J2:J25,"D")
B10: =COUNTIF(Grades!J2:J25,"<>F")/COUNTA(Grades!J2:J25) | D10: =COUNTIF(Grades!J2:J25,"A") | F10: =ROUND(AVERAGE(Students!L2:L25),1) | K10: E | L10: =COUNTIF(Grades!J2:J25,"E")
K11: F | L11: =COUNTIF(Grades!J2:J25,"F")

Sheet Students
A1: StudentID | B1: First Name | C1: Last Name | D1: Gender | E1: Date of Birth | F1: Class | G1: House | H1: Parent Name | I1: Parent Phone | J1: Address | K1: Admission Date | L1: Attendance % | M1: English | N1: Mathematics | O1: Science | P1: ICT | Q1: Social Studies | R1: Total | S1: Average | T1: Grade
A2: ST001 | B2: Daniel | C2: Mensah | D2: Male | E2: 2008-05-14 | F2: Grade 10 | G2: Blue | H2: Michael Mensah | I2: 245001001 | J2: Accra | K2: 2022-09-05 | L2: 95 | M2: 85 | N2: 78 | O2: 82 | P2: 90 | Q2: 79 | R2: =SUM(M2:Q2) | S2: =ROUND(AVERAGE(M2:Q2),2) | T2: =IF(S2>=80,"A",IF(S2>=70,"B",IF(S2>=60,"C",IF(S2>=50,"D",IF(S2>=40,"E","F")))))
A3: ST002 | B3: Ama | C3: Owusu | D3: Female | E3: 2009-01-20 | F3: Grade 10 | G3: Red | H3: Evelyn Owusu | I3: 245001002 | J3: Kumasi | K3: 2022-09-05 | L3: 98 | M3: 92 | N3: 88 | O3: 75 | P3: 85 | Q3: 90 | R3: =SUM(M3:Q3) | S3: =ROUND(AVERAGE(M3:Q3),2) | T3: =IF(S3>=80,"A",IF(S3>=70,"B",IF(S3>=60,"C",IF(S3>=50,"D",IF(S3>=40,"E","F")))))
A4: ST003 | B4: Samuel | C4: Boateng | D4: Male | E4: 2008-08-09 | F4: Grade 10 | G4: Green | H4: Joseph Boateng | I4: 245001003 | J4: Takoradi | K4: 2022-09-05 | L4: 91 | M4: 70 | N4: 65 | O4: 72 | P4: 68 | Q4: 74 | R4: =SUM(M4:Q4) | S4: =ROUND(AVERAGE(M4:Q4),2) | T4: =IF(S4>=80,"A",IF(S4>=70,"B",IF(S4>=60,"C",IF(S4>=50,"D",IF(S4>=40,"E","F")))))
A5: ST004 | B5: Grace | C5: Asante | D5: Female | E5: 2009-02-18 | F5: Grade 10 | G5: Yellow | H5: Mary Asante | I5: 245001004 | J5: Cape Coast | K5: 2022-09-05 | L5: 96 | M5: 88 | N5: 95 | O5: 91 | P5: 87 | Q5: 89 | R5: =SUM(M5:Q5) | S5: =ROUND(AVERAGE(M5:Q5),2) | T5: =IF(S5>=80,"A",IF(S5>=70,"B",IF(S5>=60,"C",IF(S5>=50,"D",IF(S5>=40,"E","F")))))
A6: ST005 | B6: Kwame | C6: Ofori | D6: Male | E6: 2008-11-01 | F6: Grade 10 | G6: Blue | H6: Patrick Ofori | I6: 245001005 | J6: Tema | K6: 2022-09-05 | L6: 90 | M6: 65 | N6: 60 | O6: 58 | P6: 70 | Q6: 62 | R6: =SUM(M6:Q6) | S6: =ROUND(AVERAGE(M6:Q6),2) | T6: =IF(S6>=80,"A",IF(S6>=70,"B",IF(S6>=60,"C",IF(S6>=50,"D",IF(S6>=40,"E","F")))))
A7: ST006 | B7: Abena | C7: Darko | D7: Female | E7: 2009-06-11 | F7: Grade 10 | G7: Red | H7: Janet Darko | I7: 245001006 | J7: Sunyani | K7: 2022-09-05 | L7: 97 | M7: 78 | N7: 82 | O7: 80 | P7: 85 | Q7: 76 | R7: =SUM(M7:Q7) | S7: =ROUND(AVERAGE(M7:Q7),2) | T7: =IF(S7>=80,"A",IF(S7>=70,"B",IF(S7>=60,"C",IF(S7>=50,"D",IF(S7>=40,"E","F")))))
A8: ST007 | B8: Isaac | C8: Addo | D8: Male | E8: 2008-03-24 | F8: Grade 10 | G8: Green | H8: Richard Addo | I8: 245001007 | J8: Ho | K8: 2022-09-05 | L8: 93 | M8: 72 | N8: 68 | O8: 75 | P8: 73 | Q8: 71 | R8: =SUM(M8:Q8) | S8: =ROUND(AVERAGE(M8:Q8),2) | T8: =IF(S8>=80,"A",IF(S8>=70,"B",IF(S8>=60,"C",IF(S8>=50,"D",IF(S8>=40,"E","F")))))
A9: ST008 | B9: Esi | C9: Appiah | D9: Female | E9: 2009-04-30 | F9: Grade 10 | G9: Yellow | H9: Agnes Appiah | I9: 245001008 | J9: Koforidua | K9: 2022-09-05 | L9: 94 | M9: 95 | N9: 90 | O9: 88 | P9: 92 | Q9: 93 | R9: =SUM(M9:Q9) | S9: =ROUND(AVERAGE(M9:Q9),2) | T9: =IF(S9>=80,"A",IF(S9>=70,"B",IF(S9>=60,"C",IF(S9>=50,"D",IF(S9>=40,"E","F")))))
A10: ST009 | B10: Kojo | C10: Yeboah | D10: Male | E10: 2008-09-16 | F10: Grade 10 | G10: Blue | H10: David Yeboah | I10: 245001009 | J10: Tamale | K10: 2022-09-05 | L10: 88 | M10: 60 | N10: 55 | O10: 62 | P10: 58 | Q10: 65 | R10: =SUM(M10:Q10) | S10: =ROUND(AVERAGE(M10:Q10),2) | T10: =IF(S10>=80,"A",IF(S10>=70,"B",IF(S10>=60,"C",IF(S10>=50,"D",IF(S10>=40,"E","F")))))
A11: ST010 | B11: Akosua | C11: Frimpong | D11: Female | E11: 2009-07-28 | F11: Grade 10 | G11: Red | H11: Lucy Frimpong | I11: 245001010 | J11: Accra | K11: 2022-09-05 | L11: 99 | M11: 85 | N11: 80 | O11: 78 | P11: 82 | Q11: 84 | R11: =SUM(M11:Q11) | S11: =ROUND(AVERAGE(M11:Q11),2) | T11: =IF(S11>=80,"A",IF(S11>=70,"B",IF(S11>=60,"C",IF(S11>=50,"D",IF(S11>=40,"E","F")))))
A12: ST011 | B12: Nathan | C12: Agyeman | D12: Male | E12: 2008-12-12 | F12: Grade 10 | G12: Green | H12: Stephen Agyeman | I12: 245001011 | J12: Kumasi | K12: 2022-09-05 | L12: 92 | M12: 68 | N12: 72 | O12: 70 | P12: 65 | Q12: 69 | R12: =SUM(M12:Q12) | S12: =ROUND(AVERAGE(M12:Q12),2) | T12: =IF(S12>=80,"A",IF(S12>=70,"B",IF(S12>=60,"C",IF(S12>=50,"D",IF(S12>=40,"E","F")))))
A13: ST012 | B13: Linda | C13: Antwi | D13: Female | E13: 2009-08-17 | F13: Grade 10 | G13: Yellow | H13: Rebecca Antwi | I13: 245001012 | J13: Kasoa | K13: 2022-09-05 | L13: 95 | M13: 90 | N13: 85 | O13: 87 | P13: 88 | Q13: 86 | R13: =SUM(M13:Q13) | S13: =ROUND(AVERAGE(M13:Q13),2) | T13: =IF(S13>=80,"A",IF(S13>=70,"B",IF(S13>=60,"C",IF(S13>=50,"D",IF(S13>=40,"E","F")))))
... A25: ST024 | B25: Mavis | C25: Boakye | D25: Female | E25: 2009-05-27 | F25: Grade 10 | G25: Yellow | H25: Florence Boakye | I25: 245001024 | J25: Accra | K25: 2022-09-05 | L25: 98 | M25: 84 | N25: 88 | O25: 86 | P25: 82 | Q25: 85 | R25: =SUM(M25:Q25) | S25: =ROUND(AVERAGE(M25:Q25),2) | T25: =IF(S25>=80,"A",IF(S25>=70,"B",IF(S25>=60,"C",IF(S25>=50,"D",IF(S25>=40,"E","F")))))

Sheet Grades
A1: Student ID | B1: Name | C1: English | D1: Mathematics | E1: Science | F1: ICT | G1: Social Studies | H1: Total | I1: Average | J1: Grade | K1: Remarks
A2: ST001 | B2: Daniel Mensah | C2: 85 | D2: 78 | E2: 82 | F2: 90 | G2: 79 | H2: =SUM(C2:G2) | I2: =ROUND(AVERAGE(C2:G2),2) | J2: =IF(I2>=80,"A",IF(I2>=70,"B",IF(I2>=60,"C",IF(I2>=50,"D",IF(I2>=40,"E","F"))))) | K2: =IF(J2="A","Excellent",IF(J2="B","Very Good",IF(J2="C","Good",IF(J2="D","Pass",IF(J2="E","Weak","Fail")))))
A3: ST002 | B3: Ama Owusu | C3: 92 | D3: 88 | E3: 75 | F3: 85 | G3: 90 | H3: =SUM(C3:G3) | I3: =ROUND(AVERAGE(C3:G3),2) | J3: =IF(I3>=80,"A",IF(I3>=70,"B",IF(I3>=60,"C",IF(I3>=50,"D",IF(I3>=40,"E","F"))))) | K3: =IF(J3="A","Excellent",IF(J3="B","Very Good",IF(J3="C","Good",IF(J3="D","Pass",IF(J3="E","Weak","Fail")))))
A4: ST003 | B4: Samuel Boateng | C4: 70 | D4: 65 | E4: 72 | F4: 68 | G4: 74 | H4: =SUM(C4:G4) | I4: =ROUND(AVERAGE(C4:G4),2) | J4: =IF(I4>=80,"A",IF(I4>=70,"B",IF(I4>=60,"C",IF(I4>=50,"D",IF(I4>=40,"E","F"))))) | K4: =IF(J4="A","Excellent",IF(J4="B","Very Good",IF(J4="C","Good",IF(J4="D","Pass",IF(J4="E","Weak","Fail")))))
A5: ST004 | B5: Grace Asante | C5: 88 | D5: 95 | E5: 91 | F5: 87 | G5: 89 | H5: =SUM(C5:G5) | I5: =ROUND(AVERAGE(C5:G5),2) | J5: =IF(I5>=80,"A",IF(I5>=70,"B",IF(I5>=60,"C",IF(I5>=50,"D",IF(I5>=40,"E","F"))))) | K5: =IF(J5="A","Excellent",IF(J5="B","Very Good",IF(J5="C","Good",IF(J5="D","Pass",IF(J5="E","Weak","Fail")))))
A6: ST005 | B6: Kwame Ofori | C6: 65 | D6: 60 | E6: 58 | F6: 70 | G6: 62 | H6: =SUM(C6:G6) | I6: =ROUND(AVERAGE(C6:G6),2) | J6: =IF(I6>=80,"A",IF(I6>=70,"B",IF(I6>=60,"C",IF(I6>=50,"D",IF(I6>=40,"E","F"))))) | K6: =IF(J6="A","Excellent",IF(J6="B","Very Good",IF(J6="C","Good",IF(J6="D","Pass",IF(J6="E","Weak","Fail")))))
A7: ST006 | B7: Abena Darko | C7: 78 | D7: 82 | E7: 80 | F7: 85 | G7: 76 | H7: =SUM(C7:G7) | I7: =ROUND(AVERAGE(C7:G7),2) | J7: =IF(I7>=80,"A",IF(I7>=70,"B",IF(I7>=60,"C",IF(I7>=50,"D",IF(I7>=40,"E","F"))))) | K7: =IF(J7="A","Excellent",IF(J7="B","Very Good",IF(J7="C","Good",IF(J7="D","Pass",IF(J7="E","Weak","Fail")))))
A8: ST007 | B8: Isaac Addo | C8: 72 | D8: 68 | E8: 75 | F8: 73 | G8: 71 | H8: =SUM(C8:G8) | I8: =ROUND(AVERAGE(C8:G8),2) | J8: =IF(I8>=80,"A",IF(I8>=70,"B",IF(I8>=60,"C",IF(I8>=50,"D",IF(I8>=40,"E","F"))))) | K8: =IF(J8="A","Excellent",IF(J8="B","Very Good",IF(J8="C","Good",IF(J8="D","Pass",IF(J8="E","Weak","Fail")))))
A9: ST008 | B9: Esi Appiah | C9: 95 | D9: 90 | E9: 88 | F9: 92 | G9: 93 | H9: =SUM(C9:G9) | I9: =ROUND(AVERAGE(C9:G9),2) | J9: =IF(I9>=80,"A",IF(I9>=70,"B",IF(I9>=60,"C",IF(I9>=50,"D",IF(I9>=40,"E","F"))))) | K9: =IF(J9="A","Excellent",IF(J9="B","Very Good",IF(J9="C","Good",IF(J9="D","Pass",IF(J9="E","Weak","Fail")))))
A10: ST009 | B10: Kojo Yeboah | C10: 60 | D10: 55 | E10: 62 | F10: 58 | G10: 65 | H10: =SUM(C10:G10) | I10: =ROUND(AVERAGE(C10:G10),2) | J10: =IF(I10>=80,"A",IF(I10>=70,"B",IF(I10>=60,"C",IF(I10>=50,"D",IF(I10>=40,"E","F"))))) | K10: =IF(J10="A","Excellent",IF(J10="B","Very Good",IF(J10="C","Good",IF(J10="D","Pass",IF(J10="E","Weak","Fail")))))
A11: ST010 | B11: Akosua Frimpong | C11: 85 | D11: 80 | E11: 78 | F11: 82 | G11: 84 | H11: =SUM(C11:G11) | I11: =ROUND(AVERAGE(C11:G11),2) | J11: =IF(I11>=80,"A",IF(I11>=70,"B",IF(I11>=60,"C",IF(I11>=50,"D",IF(I11>=40,"E","F"))))) | K11: =IF(J11="A","Excellent",IF(J11="B","Very Good",IF(J11="C","Good",IF(J11="D","Pass",IF(J11="E","Weak","Fail")))))
A12: ST011 | B12: Nathan Agyeman | C12: 68 | D12: 72 | E12: 70 | F12: 65 | G12: 69 | H12: =SUM(C12:G12) | I12: =ROUND(AVERAGE(C12:G12),2) | J12: =IF(I12>=80,"A",IF(I12>=70,"B",IF(I12>=60,"C",IF(I12>=50,"D",IF(I12>=40,"E","F"))))) | K12: =IF(J12="A","Excellent",IF(J12="B","Very Good",IF(J12="C","Good",IF(J12="D","Pass",IF(J12="E","Weak","Fail")))))
A13: ST012 | B13: Linda Antwi | C13: 90 | D13: 85 | E13: 87 | F13: 88 | G13: 86 | H13: =SUM(C13:G13) | I13: =ROUND(AVERAGE(C13:G13),2) | J13: =IF(I13>=80,"A",IF(I13>=70,"B",IF(I13>=60,"C",IF(I13>=50,"D",IF(I13>=40,"E","F"))))) | K13: =IF(J13="A","Excellent",IF(J13="B","Very Good",IF(J13="C","Good",IF(J13="D","Pass",IF(J13="E","Weak","Fail")))))
... A25: ST024 | B25: Mavis Boakye | C25: 84 | D25: 88 | E25: 86 | F25: 82 | G25: 85 | H25: =SUM(C25:G25) | I25: =ROUND(AVERAGE(C25:G25),2) | J25: =IF(I25>=80,"A",IF(I25>=70,"B",IF(I25>=60,"C",IF(I25>=50,"D",IF(I25>=40,"E","F"))))) | K25: =IF(J25="A","Excellent",IF(J25="B","Very Good",IF(J25="C","Good",IF(J25="D","Pass",IF(J25="E","Weak","Fail")))))

Sheet Boys
A1: MALE STUDENT RECORDS
A3: Name | B3: Age | C3: English | D3: Mathematics | E3: Science | F3: ICT | G3: Social Studies | H3: Total | I3: Average | J3: Grade
A4: Daniel Mensah | C4: 85 | D4: 78 | E4: 82 | F4: 90 | G4: 79 | H4: =SUM(C4:G4) | I4: =ROUND(AVERAGE(C4:G4),2) | J4: =IF(I4>=80,"A",IF(I4>=70,"B",IF(I4>=60,"C",IF(I4>=50,"D","F"))))
A5: Samuel Boateng | C5: 70 | D5: 65 | E5: 72 | F5: 68 | G5: 74 | H5: =SUM(C5:G5) | I5: =ROUND(AVERAGE(C5:G5),2) | J5: =IF(I5>=80,"A",IF(I5>=70,"B",IF(I5>=60,"C",IF(I5>=50,"D","F"))))
A6: Kwame Ofori | C6: 65 | D6: 60 | E6: 58 | F6: 70 | G6: 62 | H6: =SUM(C6:G6) | I6: =ROUND(AVERAGE(C6:G6),2) | J6: =IF(I6>=80,"A",IF(I6>=70,"B",IF(I6>=60,"C",IF(I6>=50,"D","F"))))
A7: Isaac Addo | C7: 72 | D7: 68 | E7: 75 | F7: 73 | G7: 71 | H7: =SUM(C7:G7) | I7: =ROUND(AVERAGE(C7:G7),2) | J7: =IF(I7>=80,"A",IF(I7>=70,"B",IF(I7>=60,"C",IF(I7>=50,"D","F"))))
A8: Kojo Yeboah | C8: 60 | D8: 55 | E8: 62 | F8: 58 | G8: 65 | H8: =SUM(C8:G8) | I8: =ROUND(AVERAGE(C8:G8),2) | J8: =IF(I8>=80,"A",IF(I8>=70,"B",IF(I8>=60,"C",IF(I8>=50,"D","F"))))
A9: Nathan Agyeman | C9: 68 | D9: 72 | E9: 70 | F9: 65 | G9: 69 | H9: =SUM(C9:G9) | I9: =ROUND(AVERAGE(C9:G9),2) | J9: =IF(I9>=80,"A",IF(I9>=70,"B",IF(I9>=60,"C",IF(I9>=50,"D","F"))))
A10: Joseph Bonsu | C10: 75 | D10: 70 | E10: 68 | F10: 72 | G10: 73 | H10: =SUM(C10:G10) | I10: =ROUND(AVERAGE(C10:G10),2) | J10: =IF(I10>=80,"A",IF(I10>=70,"B",IF(I10>=60,"C",IF(I10>=50,"D","F"))))
A11: Elvis Kusi | C11: 55 | D11: 50 | E11: 48 | F11: 60 | G11: 52 | H11: =SUM(C11:G11) | I11: =ROUND(AVERAGE(C11:G11),2) | J11: =IF(I11>=80,"A",IF(I11>=70,"B",IF(I11>=60,"C",IF(I11>=50,"D","F"))))
A12: Emmanuel Tetteh | C12: 70 | D12: 65 | E12: 72 | F12: 68 | G12: 71 | H12: =SUM(C12:G12) | I12: =ROUND(AVERAGE(C12:G12),2) | J12: =IF(I12>=80,"A",IF(I12>=70,"B",IF(I12>=60,"C",IF(I12>=50,"D","F"))))
A13: Benjamin Arthur | C13: 78 | D13: 75 | E13: 70 | F13: 72 | G13: 76 | H13: =SUM(C13:G13) | I13: =ROUND(AVERAGE(C13:G13),2) | J13: =IF(I13>=80,"A",IF(I13>=70,"B",IF(I13>=60,"C",IF(I13>=50,"D","F"))))
A14: Prince Amankwah | C14: 65 | D14: 60 | E14: 68 | F14: 62 | G14: 64 | H14: =SUM(C14:G14) | I14: =ROUND(AVERAGE(C14:G14),2) | J14: =IF(I14>=80,"A",IF(I14>=70,"B",IF(I14>=60,"C",IF(I14>=50,"D","F"))))
A15: Kelvin Aidoo | C15: 72 | D15: 68 | E15: 65 | F15: 70 | G15: 71 | H15: =SUM(C15:G15) | I15: =ROUND(AVERAGE(C15:G15),2) | J15: =IF(I15>=80,"A",IF(I15>=70,"B",IF(I15>=60,"C",IF(I15>=50,"D","F"))))
A18: Subject Avg | C18: =ROUND(AVERAGE(C4:C15),2) | D18: =ROUND(AVERAGE(D4:D15),2) | E18: =ROUND(AVERAGE(E4:E15),2) | F18: =ROUND(AVERAGE(F4:F15),2) | G18: =ROUND(AVERAGE(G4:G15),2)

Sheet Girls
A1: FEMALE STUDENT RECORDS
A3: Name | B3: Age | C3: English | D3: Mathematics | E3: Science | F3: ICT | G3: Social Studies | H3: Total | I3: Average | J3: Grade
A4: Ama Owusu | C4: 92 | D4: 88 | E4: 75 | F4: 85 | G4: 90 | H4: =SUM(C4:G4) | I4: =ROUND(AVERAGE(C4:G4),2) | J4: =IF(I4>=80,"A",IF(I4>=70,"B",IF(I4>=60,"C",IF(I4>=50,"D","F"))))
A5: Grace Asante | C5: 88 | D5: 95 | E5: 91 | F5: 87 | G5: 89 | H5: =SUM(C5:G5) | I5: =ROUND(AVERAGE(C5:G5),2) | J5: =IF(I5>=80,"A",IF(I5>=70,"B",IF(I5>=60,"C",IF(I5>=50,"D","F"))))
A6: Abena Darko | C6: 78 | D6: 82 | E6: 80 | F6: 85 | G6: 76 | H6: =SUM(C6:G6) | I6: =ROUND(AVERAGE(C6:G6),2) | J6: =IF(I6>=80,"A",IF(I6>=70,"B",IF(I6>=60,"C",IF(I6>=50,"D","F"))))
A7: Esi Appiah | C7: 95 | D7: 90 | E7: 88 | F7: 92 | G7: 93 | H7: =SUM(C7:G7) | I7: =ROUND(AVERAGE(C7:G7),2) | J7: =IF(I7>=80,"A",IF(I7>=70,"B",IF(I7>=60,"C",IF(I7>=50,"D","F"))))
A8: Akosua Frimpong | C8: 85 | D8: 80 | E8: 78 | F8: 82 | G8: 84 | H8: =SUM(C8:G8) | I8: =ROUND(AVERAGE(C8:G8),2) | J8: =IF(I8>=80,"A",IF(I8>=70,"B",IF(I8>=60,"C",IF(I8>=50,"D","F"))))
A9: Linda Antwi | C9: 90 | D9: 85 | E9: 87 | F9: 88 | G9: 86 | H9: =SUM(C9:G9) | I9: =ROUND(AVERAGE(C9:G9),2) | J9: =IF(I9>=80,"A",IF(I9>=70,"B",IF(I9>=60,"C",IF(I9>=50,"D","F"))))
A10: Patricia Nyarko | C10: 82 | D10: 78 | E10: 80 | F10: 85 | G10: 79 | H10: =SUM(C10:G10) | I10: =ROUND(AVERAGE(C10:G10),2) | J10: =IF(I10>=80,"A",IF(I10>=70,"B",IF(I10>=60,"C",IF(I10>=50,"D","F"))))
A11: Ruth Opoku | C11: 88 | D11: 92 | E11: 85 | F11: 90 | G11: 86 | H11: =SUM(C11:G11) | I11: =ROUND(AVERAGE(C11:G11),2) | J11: =IF(I11>=80,"A",IF(I11>=70,"B",IF(I11>=60,"C",IF(I11>=50,"D","F"))))
A12: Faith Adjei | C12: 93 | D12: 88 | E12: 90 | F12: 95 | G12: 91 | H12: =SUM(C12:G12) | I12: =ROUND(AVERAGE(C12:G12),2) | J12: =IF(I12>=80,"A",IF(I12>=70,"B",IF(I12>=60,"C",IF(I12>=50,"D","F"))))
A13: Deborah Quaye | C13: 86 | D13: 80 | E13: 82 | F13: 88 | G13: 84 | H13: =SUM(C13:G13) | I13: =ROUND(AVERAGE(C13:G13),2) | J13: =IF(I13>=80,"A",IF(I13>=70,"B",IF(I13>=60,"C",IF(I13>=50,"D","F"))))
A14: Esther Ansah | C14: 91 | D14: 85 | E14: 88 | F14: 90 | G14: 89 | H14: =SUM(C14:G14) | I14: =ROUND(AVERAGE(C14:G14),2) | J14: =IF(I14>=80,"A",IF(I14>=70,"B",IF(I14>=60,"C",IF(I14>=50,"D","F"))))
A15: Mavis Boakye | C15: 84 | D15: 88 | E15: 86 | F15: 82 | G15: 85 | H15: =SUM(C15:G15) | I15: =ROUND(AVERAGE(C15:G15),2) | J15: =IF(I15>=80,"A",IF(I15>=70,"B",IF(I15>=60,"C",IF(I15>=50,"D","F"))))
A18: Subject Avg | C18: =ROUND(AVERAGE(C4:C15),2) | D18: =ROUND(AVERAGE(D4:D15),2) | E18: =ROUND(AVERAGE(E4:E15),2) | F18: =ROUND(AVERAGE(F4:F15),2) | G18: =ROUND(AVERAGE(G4:G15),2)

Sheet Analytics
A1: Subject-Wise Averages
A2: Subject | B2: Average | C2: Highest | D2: Lowest | E2: Pass Rate
A3: English | B3: =ROUND(AVERAGE(Grades!C2:C25),2) | C3: =MAX(Grades!C2:C25) | D3: =MIN(Grades!C2:C25) | E3: =COUNTIF(Grades!C2:C25,">=50")/COUNTA(Grades!C2:C25)
A4: Mathematics | B4: =ROUND(AVERAGE(Grades!D2:D25),2) | C4: =MAX(Grades!D2:D25) | D4: =MIN(Grades!D2:D25) | E4: =COUNTIF(Grades!D2:D25,">=50")/COUNTA(Grades!D2:D25)
A5: Science | B5: =ROUND(AVERAGE(Grades!E2:E25),2) | C5: =MAX(Grades!E2:E25) | D5: =MIN(Grades!E2:E25) | E5: =COUNTIF(Grades!E2:E25,">=50")/COUNTA(Grades!E2:E25)
A6: ICT | B6: =ROUND(AVERAGE(Grades!F2:F25),2) | C6: =MAX(Grades!F2:F25) | D6: =MIN(Grades!F2:F25) | E6: =COUNTIF(Grades!F2:F25,">=50")/COUNTA(Grades!F2:F25)
A7: Social Studies | B7: =ROUND(AVERAGE(Grades!G2:G25),2) | C7: =MAX(Grades!G2:G25) | D7: =MIN(Grades!G2:G25) | E7: =COUNTIF(Grades!G2:G25,">=50")/COUNTA(Grades!G2:G25)
A11: Gender Comparison
A12: Gender | B12: Count | C12: Average Score
A13: Male | B13: =COUNTIF(Students!D2:D25,"Male") | C13: =ROUND(AVERAGEIFS(Grades!I2:I25,Students!D2:D25,"Male"),2)
A14: Female | B14: =COUNTIF(Students!D2:D25,"Female") | C14: =ROUND(AVERAGEIFS(Grades!I2:I25,Students!D2:D25,"Female"),2)
A17: Class Rankings
A18: Rank | B18: Student ID | C18: Name | D18: Average | E18: Grade
A19: =RANK(Grades!I2,Grades!I2:I25,0) | B19: =Grades!A2 | C19: =Grades!B2 | D19: =Grades!I2 | E19: =Grades!J2
A20: =RANK(Grades!I3,Grades!I2:I25,0) | B20: =Grades!A3 | C20: =Grades!B3 | D20: =Grades!I3 | E20: =Grades!J3
A21: =RANK(Grades!I4,Grades!I2:I25,0) | B21: =Grades!A4 | C21: =Grades!B4 | D21: =Grades!I4 | E21: =Grades!J4
A22: =RANK(Grades!I5,Grades!I2:I25,0) | B22: =Grades!A5 | C22: =Grades!B5 | D22: =Grades!I5 | E22: =Grades!J5
A23: =RANK(Grades!I6,Grades!I2:I25,0) | B23: =Grades!A6 | C23: =Grades!B6 | D23: =Grades!I6 | E23: =Grades!J6
A24: =RANK(Grades!I7,Grades!I2:I25,0) | B24: =Grades!A7 | C24: =Grades!B7 | D24: =Grades!I7 | E24: =Grades!J7
A25: =RANK(Grades!I8,Grades!I2:I25,0) | B25: =Grades!A8 | C25: =Grades!B8 | D25: =Grades!I8 | E25: =Grades!J8
A26: =RANK(Grades!I9,Grades!I2:I25,0) | B26: =Grades!A9 | C26: =Grades!B9 | D26: =Grades!I9 | E26: =Grades!J9
A27: =RANK(Grades!I10,Grades!I2:I25,0) | B27: =Grades!A10 | C27: =Grades!B10 | D27: =Grades!I10 | E27: =Grades!J10
A28: =RANK(Grades!I11,Grades!I2:I25,0) | B28: =Grades!A11 | C28: =Grades!B11 | D28: =Grades!I11 | E28: =Grades!J11
A29: =RANK(Grades!I12,Grades!I2:I25,0) | B29: =Grades!A12 | C29: =Grades!B12 | D29: =Grades!I12 | E29: =Grades!J12
A30: =RANK(Grades!I13,Grades!I2:I25,0) | B30: =Grades!A13 | C30: =Grades!B13 | D30: =Grades!I13 | E30: =Grades!J13
A31: =RANK(Grades!I14,Grades!I2:I25,0) | B31: =Grades!A14 | C31: =Grades!B14 | D31: =Grades!I14 | E31: =Grades!J14
A32: =RANK(Grades!I15,Grades!I2:I25,0) | B32: =Grades!A15 | C32: =Grades!B15 | D32: =Grades!I15 | E32: =Grades!J15
A33: =RANK(Grades!I16,Grades!I2:I25,0) | B33: =Grades!A16 | C33: =Grades!B16 | D33: =Grades!I16 | E33: =Grades!J16
A34: =RANK(Grades!I17,Grades!I2:I25,0) | B34: =Grades!A17 | C34: =Grades!B17 | D34: =Grades!I17 | E34: =Grades!J17
A35: =RANK(Grades!I18,Grades!I2:I25,0) | B35: =Grades!A18 | C35: =Grades!B18 | D35: =Grades!I18 | E35: =Grades!J18
A36: =RANK(Grades!I19,Grades!I2:I25,0) | B36: =Grades!A19 | C36: =Grades!B19 | D36: =Grades!I19 | E36: =Grades!J19
A37: =RANK(Grades!I20,Grades!I2:I25,0) | B37: =Grades!A20 | C37: =Grades!B20 | D37: =Grades!I20 | E37: =Grades!J20
A38: =RANK(Grades!I21,Grades!I2:I25,0) | B38: =Grades!A21 | C38: =Grades!B21 | D38: =Grades!I21 | E38: =Grades!J21
A39: =RANK(Grades!I22,Grades!I2:I25,0) | B39: =Grades!A22 | C39: =Grades!B22 | D39: =Grades!I22 | E39: =Grades!J22
A40: =RANK(Grades!I23,Grades!I2:I25,0) | B40: =Grades!A23 | C40: =Grades!B23 | D40: =Grades!I23 | E40: =Grades!J23
A41: =RANK(Grades!I24,Grades!I2:I25,0) | B41: =Grades!A24 | C41: =Grades!B24 | D41: =Grades!I24 | E41: =Grades!J24
A42: =RANK(Grades!I25,Grades!I2:I25,0) | B42: =Grades!A25 | C42: =Grades!B25 | D42: =Grades!I25 | E42: =Grades!J25

Sheet Reports
A1: STUDENT REPORT CARDS
A2: Student ID | B2: Name | C2: Total | D2: Average | E2: Grade | F2: Remarks | G2: Attendance
A3: =Grades!A2 | B3: =Grades!B2 | C3: =Grades!H2 | D3: =Grades!I2 | E3: =Grades!J2 | F3: =Grades!K2 | G3: =Students!L2
A4: =Grades!A3 | B4: =Grades!B3 | C4: =Grades!H3 | D4: =Grades!I3 | E4: =Grades!J3 | F4: =Grades!K3 | G4: =Students!L3
A5: =Grades!A4 | B5: =Grades!B4 | C5: =Grades!H4 | D5: =Grades!I4 | E5: =Grades!J4 | F5: =Grades!K4 | G5: =Students!L4
A6: =Grades!A5 | B6: =Grades!B5 | C6: =Grades!H5 | D6: =Grades!I5 | E6: =Grades!J5 | F6: =Grades!K5 | G6: =Students!L5
A7: =Grades!A6 | B7: =Grades!B6 | C7: =Grades!H6 | D7: =Grades!I6 | E7: =Grades!J6 | F7: =Grades!K6 | G7: =Students!L6
A8: =Grades!A7 | B8: =Grades!B7 | C8: =Grades!H7 | D8: =Grades!I7 | E8: =Grades!J7 | F8: =Grades!K7 | G8: =Students!L7
A9: =Grades!A8 | B9: =Grades!B8 | C9: =Grades!H8 | D9: =Grades!I8 | E9: =Grades!J8 | F9: =Grades!K8 | G9: =Students!L8
A10: =Grades!A9 | B10: =Grades!B9 | C10: =Grades!H9 | D10: =Grades!I9 | E10: =Grades!J9 | F10: =Grades!K9 | G10: =Students!L9
A11: =Grades!A10 | B11: =Grades!B10 | C11: =Grades!H10 | D11: =Grades!I10 | E11: =Grades!J10 | F11: =Grades!K10 | G11: =Students!L10
A12: =Grades!A11 | B12: =Grades!B11 | C12: =Grades!H11 | D12: =Grades!I11 | E12: =Grades!J11 | F12: =Grades!K11 | G12: =Students!L11
A13: =Grades!A12 | B13: =Grades!B12 | C13: =Grades!H12 | D13: =Grades!I12 | E13: =Grades!J12 | F13: =Grades!K12 | G13: =Students!L12
A14: =Grades!A13 | B14: =Grades!B13 | C14: =Grades!H13 | D14: =Grades!I13 | E14: =Grades!J13 | F14: =Grades!K13 | G14: =Students!L13
... A26: =Grades!A25 | B26: =Grades!B25 | C26: =Grades!H25 | D26: =Grades!I25 | E26: =Grades!J25 | F26: =Grades!K25 | G26: =Students!L25
